<Modules>
  <Module PersistentId="5A83ACA9-3F0F-424D-A8A1-E6D88E3F0490" ModuleId="AgileWorkshop.Bus" />
  <Module PersistentId="C3146FD9-A435-4690-9468-3B54C5E1CC39" ModuleId="AgileWorkshop.Cqrs.Utils" />
  <Module PersistentId="12B4A4A2-93B9-4F1B-B29B-ED68B91004D9" ModuleId="AgileWorkshop.Cqrs.Core" />
  <Module PersistentId="29ECBF37-9526-4CB6-8429-D09CF0301C26" ModuleId="Inventory.Gui" />
  <Module PersistentId="190F803C-3E57-4B95-97C5-A20E79D48513" ModuleId="Inventory.CommandHandlers" />
  <Module PersistentId="E96FA8BB-4EFE-4620-A0AE-6D8E783331EA" ModuleId="Inventory.Commands" />
  <Module PersistentId="64527A61-7687-42F3-A07F-1DB5A35840D9" ModuleId="Inventory.EventHandlers" />
  <Module PersistentId="2826A6D7-02B4-4BEF-AF91-D5A279C75920" ModuleId="Inventory.Events" />
  <Module PersistentId="29FAAE57-D603-4FC4-AAAA-88B183007CFC" ModuleId="Inventory.EventStore" />
  <Module PersistentId="25DB027C-C680-47F2-BCAC-2C3FC8426F06" ModuleId="Inventory.Reporting" />
  <Module PersistentId="EE98DCDE-9A00-4564-9DFF-753F0A02790E" ModuleId="Inventory.Domain" />
  <Module PersistentId="054F6821-9CE7-4ADF-9411-EE9836DDC09B" ModuleId="Inventory.Tests" />
  <Module PersistentId="88C6AEC5-5553-4461-95C2-3CCB88EAEC4E" ModuleId="Inventory.Reporting.Dto" />
  <Module PersistentId="2A0D23C6-A181-43D0-A20D-A7D8ED6D0D44" ModuleId="AgileWorkshop.Cqrs.NServiceBus" />
  <Module PersistentId="B2FB15B4-2099-467C-90BF-6D99126BFDB3" ModuleId="Inventory.NServiceBus.EventHandlers" />
  <Module PersistentId="94B83FAC-0AB5-4367-8238-69D9CF8C0C55" ModuleId="Inventory.NServiceBus.EventPublisherTest" />
  <Module PersistentId="C8616A5A-A02C-4879-9549-3AD2DEB6B47B" ModuleId="Inventory.NServiceBus.EventListenerTest" />
  <Module PersistentId="d:Miscellaneous Files" ModuleId="NServiceBus.Host" />
  <Module PersistentId="5BC865E6-7F8D-45E4-8D21-E29B3A0D5CFE" ModuleId="Inventory.NServiceBus.EventPublisherMessages" />
  <Module PersistentId="NServiceBus.Core, Version=3.0.0.0, Culture=neutral, PublicKeyToken=9fc386479f8a226c" ModuleId="NServiceBus.Core" />
</Modules>